<?xml version="1.0"?>
<board_env version="13.0" name="de1soc">
  <hardware dir="." default="de1soc_sharedonly"></hardware>
  <platform name="arm32">
    <linkflags>-L%b/arm32/lib</linkflags>
    <linklibs>-lalterahalmmd -lalterammdpcie</linklibs>
    <utilbindir>%b/arm32/bin</utilbindir>
  </platform>
  <platform name="linux64">
    <linkflags>-L%b/arm32/lib -L%a/host/arm32/lib</linkflags>
    <linklibs>-lalterahalmmd -lalterammdpcie</linklibs>
    <utilbindir>%b/arm32/bin</utilbindir>
  </platform>
  <platform name="windows64">
    <linkflags>-L%b\arm32\lib</linkflags>
    <linklibs>-lalterahalmmd -lalterammdpcie</linklibs>
    <utilbindir>%b\arm32\bin</utilbindir>
  </platform>
</board_env>
